City_ID,City,Country,Date,Lat,Lng,Max Temp,Humidity,Cloudiness,Wind Speed
0,Albany,US,2022-04-29 00:15:43,42.6001,-73.9662,46.81,28,13,1.99
1,Khatanga,RU,2022-04-29 00:15:44,71.9667,102.5,14.94,94,95,5.82
2,Nouadhibou,MR,2022-04-29 00:15:44,20.931,-17.0347,64.38,82,2,14.97
3,Talnakh,RU,2022-04-29 00:15:45,69.4865,88.3972,16.21,86,100,2.1
4,Mataura,NZ,2022-04-29 00:15:45,-46.1927,168.8643,57.47,69,12,1.41
5,Avarua,CK,2022-04-29 00:15:46,-21.2078,-159.775,82.45,78,40,10.36
6,Airai,TL,2022-04-29 00:15:46,-8.9266,125.4092,66.58,64,87,2.62
7,Busselton,AU,2022-04-29 00:15:46,-33.65,115.3333,56.48,74,28,4.94
8,Alofi,NU,2022-04-29 00:15:47,-19.0595,-169.9187,80.49,83,75,19.57
9,Salalah,OM,2022-04-29 00:15:47,17.0151,54.0924,84.29,79,20,3.44
10,Chimoio,MZ,2022-04-29 00:15:48,-19.1164,33.4833,61.34,80,87,2.84
11,Hermanus,ZA,2022-04-29 00:15:49,-34.4187,19.2345,59.41,91,99,4.52
12,Vanimo,PG,2022-04-29 00:15:49,-2.6741,141.3028,85.32,66,100,1.07
13,Ekibastuz,KZ,2022-04-29 00:15:49,51.6667,75.3667,59.88,42,99,9.69
14,Qaanaaq,GL,2022-04-29 00:15:50,77.484,-69.3632,22.84,94,98,8.08
15,Sitka,US,2022-04-29 00:13:53,57.0531,-135.33,51.69,58,40,6.91
16,Chokurdakh,RU,2022-04-29 00:15:50,70.6333,147.9167,5.07,92,86,3.94
17,Georgetown,MY,2022-04-29 00:12:46,5.4112,100.3354,78.73,94,20,0.0
18,Vaini,TO,2022-04-29 00:15:51,-21.2,-175.2,80.76,65,75,11.5
19,Rutland,US,2022-04-29 00:15:51,43.6167,-73.0162,44.26,38,0,14.0
20,Jalu,LY,2022-04-29 00:15:52,29.0331,21.5482,80.85,10,50,2.64
21,Takoradi,GH,2022-04-29 00:14:55,4.8845,-1.7554,78.03,85,100,7.2
22,Gouyave,GD,2022-04-29 00:15:52,12.1646,-61.7296,79.57,89,75,12.66
23,Arraial Do Cabo,BR,2022-04-29 00:15:53,-22.9661,-42.0278,76.3,85,7,20.22
24,Saint-Philippe,RE,2022-04-29 00:15:53,-21.3585,55.7679,74.79,81,45,11.3
25,Rikitea,PF,2022-04-29 00:15:54,-23.1203,-134.9692,77.38,64,21,18.39
26,Ushuaia,AR,2022-04-29 00:12:37,-54.8,-68.3,42.46,75,40,26.46
27,Pakokku,MM,2022-04-29 00:15:54,21.3333,95.1,89.83,48,40,7.78
28,Bredasdorp,ZA,2022-04-29 00:15:55,-34.5322,20.0403,56.89,94,79,5.59
29,Mangrol,IN,2022-04-29 00:15:56,21.1167,70.1167,81.57,76,0,10.83
30,Butaritari,KI,2022-04-29 00:15:56,3.0707,172.7902,81.97,79,99,16.17
31,Mount Isa,AU,2022-04-29 00:15:56,-20.7333,139.5,85.77,51,13,12.66
32,Sabang,ID,2022-04-29 00:15:57,5.8933,95.3214,83.5,73,91,9.33
33,Shingu,JP,2022-04-29 00:15:58,33.7333,135.9833,62.96,96,100,10.51
34,Kaitangata,NZ,2022-04-29 00:15:58,-46.2817,169.8464,54.3,70,6,1.19
35,Saint-Francois,FR,2022-04-29 00:15:58,46.4154,3.9054,46.67,100,0,3.44
36,Cape Town,ZA,2022-04-29 00:15:04,-33.9258,18.4232,61.27,87,75,8.05
37,Zhangye,CN,2022-04-29 00:15:59,38.9342,100.4517,49.8,21,100,16.13
38,Batagay-Alyta,RU,2022-04-29 00:15:59,67.8006,130.4114,13.32,82,41,2.77
39,Galveston,US,2022-04-29 00:16:00,29.3669,-94.9669,77.18,79,0,14.97
40,Yellowknife,CA,2022-04-29 00:16:00,62.456,-114.3525,36.12,60,20,19.57
41,Tiksi,RU,2022-04-29 00:16:01,71.6872,128.8694,14.29,87,47,6.64
42,Flin Flon,CA,2022-04-29 00:15:29,54.7682,-101.865,43.75,81,100,5.44
43,Lure,FR,2022-04-29 00:16:01,47.75,6.5,43.97,93,39,3.83
44,Punta Arenas,CL,2022-04-29 00:15:21,-53.15,-70.9167,42.91,81,40,24.16
45,Asfi,MA,2022-04-29 00:16:02,32.2994,-9.2372,59.29,73,22,19.71
46,Kodiak,US,2022-04-29 00:16:07,57.79,-152.4072,42.06,71,86,14.65
47,Victoria,HK,2022-04-29 00:15:06,22.2855,114.1577,84.25,85,28,5.01
48,Port Alfred,ZA,2022-04-29 00:16:08,-33.5906,26.891,67.17,49,8,10.42
49,Cherskiy,RU,2022-04-29 00:16:08,68.75,161.3,19.87,91,100,11.18
50,Biak,ID,2022-04-29 00:16:08,-0.9131,122.8766,78.82,78,100,2.51
51,Yerofey Pavlovich,RU,2022-04-29 00:16:09,53.9667,121.9667,37.38,32,81,10.02
52,Saint-Joseph,RE,2022-04-29 00:16:10,-21.3667,55.6167,73.78,79,24,6.46
53,Usvyaty,RU,2022-04-29 00:16:10,55.7456,30.7533,31.33,63,25,4.0
54,Vardo,NO,2022-04-29 00:16:10,70.3705,31.1107,25.02,64,99,23.91
55,Kamina,CD,2022-04-29 00:16:11,-8.7386,24.9906,63.09,93,70,5.28
56,Atuona,PF,2022-04-29 00:16:11,-9.8,-139.0333,78.82,77,71,19.37
57,Artigas,UY,2022-04-29 00:12:27,-30.4,-56.4667,56.59,79,10,10.58
58,Tuatapere,NZ,2022-04-29 00:16:12,-46.1333,167.6833,55.62,72,46,3.33
59,Hithadhoo,MV,2022-04-29 00:16:12,-0.6,73.0833,84.74,65,71,5.41
60,Kavieng,PG,2022-04-29 00:16:13,-2.5744,150.7967,85.66,65,100,8.5
61,Tura,IN,2022-04-29 00:16:13,25.5198,90.2201,72.48,89,0,4.05
62,Thompson,CA,2022-04-29 00:16:14,55.7435,-97.8558,46.56,39,75,9.22
63,Iranshahr,IR,2022-04-29 00:16:14,27.2025,60.6848,79.14,27,0,4.61
64,Mogadishu,SO,2022-04-29 00:14:10,2.0371,45.3438,82.76,76,91,9.22
65,New Norfolk,AU,2022-04-29 00:16:15,-42.7826,147.0587,67.5,80,6,3.98
66,Adrar,MR,2022-04-29 00:16:16,20.5022,-10.0711,75.45,12,0,8.3
67,Port Lincoln,AU,2022-04-29 00:16:16,-34.7333,135.8667,64.69,73,100,12.64
68,Bahia Blanca,AR,2022-04-29 00:16:16,-38.7196,-62.2724,46.53,43,11,8.25
69,Tasiilaq,GL,2022-04-29 00:16:17,65.6145,-37.6368,30.36,85,19,5.39
70,Norman Wells,CA,2022-04-29 00:16:17,65.282,-126.8329,41.04,56,75,10.36
71,College,US,2022-04-29 00:16:18,64.8569,-147.8028,52.81,38,75,4.61
72,Pevek,RU,2022-04-29 00:16:18,69.7008,170.3133,26.96,95,100,8.75
73,Kenora,CA,2022-04-29 00:12:08,49.8167,-94.4337,46.78,31,100,8.99
74,Santa Rosa,PH,2022-04-29 00:16:19,14.3122,121.1114,88.09,71,93,14.07
75,Lebu,CL,2022-04-29 00:16:19,-37.6167,-73.65,50.41,79,4,15.39
76,Santiago Del Estero,AR,2022-04-29 00:16:20,-27.7951,-64.2615,66.88,30,100,7.47
77,Kutum,SD,2022-04-29 00:16:20,14.2,24.6667,78.1,12,79,5.37
78,Hilo,US,2022-04-29 00:16:21,19.7297,-155.09,81.28,76,40,14.97
79,Egvekinot,RU,2022-04-29 00:16:21,66.3167,-179.1667,30.02,79,6,3.47
80,Arak,IR,2022-04-29 00:16:21,34.0917,49.6892,57.67,50,95,1.79
81,Sangueya,GN,2022-04-29 00:16:22,10.7,-14.3667,76.28,83,15,3.67
82,Madang,PG,2022-04-29 00:16:22,-5.2246,145.7966,83.43,77,100,1.99
83,Longyearbyen,SJ,2022-04-29 00:16:23,78.2186,15.6401,6.64,61,20,13.8
84,Nambucca Heads,AU,2022-04-29 00:16:23,-30.65,153.0,77.0,69,15,5.35
85,Coari,BR,2022-04-29 00:16:24,-4.085,-63.1414,75.27,96,96,3.09
86,Porto Novo,BJ,2022-04-29 00:16:24,6.4965,2.6036,78.62,79,72,4.59
87,Lorengau,PG,2022-04-29 00:16:25,-2.0226,147.2712,85.08,66,100,2.21
88,Dingle,PH,2022-04-29 00:16:25,10.9995,122.6711,81.93,80,100,9.37
89,Victoria Point,AU,2022-04-29 00:16:26,-27.5833,153.3,79.11,85,50,3.0
90,Mahdasht,IR,2022-04-29 00:16:26,35.7299,50.8111,68.94,72,40,11.5
91,Bambous Virieux,MU,2022-04-29 00:16:27,-20.3428,57.7575,74.21,94,40,3.44
92,Luocheng,CN,2022-04-29 00:16:32,29.3848,104.0286,67.15,78,79,0.63
93,Andenes,NO,2022-04-29 00:16:32,69.3143,16.1194,30.18,69,100,19.57
94,Hay River,CA,2022-04-29 00:16:33,60.8156,-115.7999,37.38,60,20,13.8
95,Carnarvon,AU,2022-04-29 00:16:33,-24.8667,113.6333,64.47,68,0,18.41
96,Yakymivka,UA,2022-04-29 00:16:34,46.6897,35.1536,56.93,58,80,9.53
97,Quatre Cocos,MU,2022-04-29 00:16:34,-20.2078,57.7625,74.08,81,6,7.56
98,Lakes Entrance,AU,2022-04-29 00:16:35,-37.8811,147.981,71.17,64,14,5.08
99,Itaqui,BR,2022-04-29 00:16:35,-29.1253,-56.5531,64.18,79,94,13.49
100,Barrow,US,2022-04-29 00:16:36,71.2906,-156.7887,8.62,78,100,19.57
101,Severomorsk,RU,2022-04-29 00:16:36,69.0689,33.4162,19.8,82,93,16.53
102,Dikson,RU,2022-04-29 00:16:37,73.5069,80.5464,7.34,89,63,21.25
103,Alice Springs,AU,2022-04-29 00:14:54,-23.7,133.8833,83.75,24,22,8.05
104,Noumea,NC,2022-04-29 00:15:10,-22.2763,166.4572,73.38,90,100,16.71
105,Hailar,CN,2022-04-29 00:16:38,49.2,119.7,39.36,69,100,7.76
106,Nanuque,BR,2022-04-29 00:16:38,-17.8392,-40.3539,71.31,91,19,5.06
107,Bosaso,SO,2022-04-29 00:16:39,11.2842,49.1816,84.27,68,87,10.98
108,Rafaela,AR,2022-04-29 00:16:39,-31.2503,-61.4867,55.98,36,0,3.0
109,Tuktoyaktuk,CA,2022-04-29 00:16:40,69.4541,-133.0374,12.2,85,100,17.27
110,Ghanzi,BW,2022-04-29 00:16:41,-21.5667,21.7833,62.83,50,1,10.09
111,Birao,CF,2022-04-29 00:16:41,10.2849,22.7882,79.74,52,87,5.19
112,Inagi,JP,2022-04-29 00:16:41,35.6382,139.5078,63.63,66,75,5.75
113,Boguchany,RU,2022-04-29 00:16:42,58.3814,97.4531,41.86,93,100,5.19
114,Tadine,NC,2022-04-29 00:16:42,-21.55,167.8833,73.87,78,100,17.25
115,Vilyuysk,RU,2022-04-29 00:16:43,63.7553,121.6247,32.83,82,61,3.24
116,Tiznit,MA,2022-04-29 00:16:43,29.5833,-9.5,58.89,71,56,3.83
117,Deputatskiy,RU,2022-04-29 00:12:24,69.3,139.9,12.02,87,70,1.9
118,Puerto Ayora,EC,2022-04-29 00:16:44,-0.7393,-90.3518,72.86,85,9,8.23
119,Mardin,TR,2022-04-29 00:16:44,37.3131,40.7436,55.72,72,79,3.51
120,Ha Giang,VN,2022-04-29 00:16:44,22.8333,104.9833,81.73,89,96,1.36
121,Provideniya,RU,2022-04-29 00:16:45,64.3833,-173.3,32.36,80,75,20.13
122,Bhandaria,BD,2022-04-29 00:16:46,22.4861,90.0609,81.95,78,50,7.36
123,Bichura,RU,2022-04-29 00:12:24,50.5881,107.6022,38.08,39,1,5.77
124,Ostrovnoy,RU,2022-04-29 00:16:46,68.0531,39.5131,18.27,80,100,21.9
125,Mahebourg,MU,2022-04-29 00:16:47,-20.4081,57.7,74.25,94,40,3.44
126,Hamina,FI,2022-04-29 00:16:47,60.5697,27.1979,33.08,89,100,10.04
127,Jamestown,US,2022-04-29 00:15:47,42.097,-79.2353,40.64,41,0,4.61
128,Zemio,CF,2022-04-29 00:16:48,5.0314,25.1361,68.63,98,99,2.84
129,Grindavik,IS,2022-04-29 00:16:49,63.8424,-22.4338,46.87,93,100,11.5
130,Catemaco,MX,2022-04-29 00:16:49,18.4167,-95.1167,79.18,65,49,6.17
131,Kasongo-Lunda,CD,2022-04-29 00:16:49,-6.4667,16.8167,68.76,97,45,0.16
132,Hobart,AU,2022-04-29 00:14:57,-42.8794,147.3294,67.86,82,75,6.91
133,Bonavista,CA,2022-04-29 00:16:50,48.6499,-53.1147,36.84,93,99,9.82
134,Edd,ER,2022-04-29 00:16:51,13.9297,41.6925,85.75,70,41,3.85
135,Svetlyy,RU,2022-04-29 00:16:56,54.675,20.1347,37.96,60,14,3.78
136,Bluff,NZ,2022-04-29 00:16:57,-46.6,168.3333,57.79,75,36,6.49
137,Bombay,IN,2022-04-29 00:12:35,19.0144,72.8479,85.98,84,40,8.05
138,Pelym,RU,2022-04-29 00:16:58,61.0108,61.9978,28.96,83,97,12.39
139,Sorland,NO,2022-04-29 00:16:58,67.667,12.6934,35.42,58,100,15.21
140,Baruun-Urt,MN,2022-04-29 00:16:59,46.6806,113.2792,33.8,33,25,19.01
141,Kruisfontein,ZA,2022-04-29 00:16:59,-34.0033,24.7314,59.95,53,17,5.08
142,Jaguey Grande,CU,2022-04-29 00:17:00,22.5269,-81.1286,80.08,45,40,5.88
143,Mandalgovi,MN,2022-04-29 00:15:04,45.7625,106.2708,32.18,29,3,19.46
144,Ponta Do Sol,PT,2022-04-29 00:17:01,32.6667,-17.1,64.71,81,96,4.07
145,San Carlos De Bariloche,AR,2022-04-29 00:17:01,-41.1456,-71.3082,29.95,74,20,2.3
146,Fukue,JP,2022-04-29 00:17:02,32.6881,128.8419,57.56,100,75,24.16
147,Willemstad,CW,2022-04-29 00:17:02,12.1084,-68.9335,78.71,89,75,16.11
148,San Diego De Los Banos,CU,2022-04-29 00:17:03,22.6467,-83.3697,75.58,66,66,0.92
149,Ilulissat,GL,2022-04-29 00:17:04,69.2167,-51.1,26.62,93,40,0.0
150,Snyder,US,2022-04-29 00:13:04,32.7179,-100.9176,91.09,29,0,23.02
151,Keti Bandar,PK,2022-04-29 00:17:04,24.1447,67.4497,82.63,80,0,16.49
152,Bethel,US,2022-04-29 00:17:05,41.3712,-73.414,50.09,34,0,12.66
153,Narasannapeta,IN,2022-04-29 00:17:05,18.4167,84.05,78.94,87,9,5.68
154,San Patricio,US,2022-04-29 00:17:06,28.017,-97.5169,81.32,69,36,16.87
155,Banda Aceh,ID,2022-04-29 00:17:07,5.5577,95.3222,80.91,80,80,7.14
156,Cabo San Lucas,MX,2022-04-29 00:17:07,22.8909,-109.9124,84.61,28,0,6.91
157,Fort Nelson,CA,2022-04-29 00:15:29,58.8053,-122.7002,34.48,100,100,8.23
158,Virginia Beach,US,2022-04-29 00:12:58,36.8529,-75.978,59.02,52,0,0.0
159,Bapatla,IN,2022-04-29 00:17:08,15.9,80.4667,80.87,85,27,7.31
160,Tocopilla,CL,2022-04-29 00:13:19,-22.092,-70.1979,65.1,78,100,6.04
161,Severo-Kurilsk,RU,2022-04-29 00:17:09,50.6789,156.125,34.93,91,100,15.66
162,Codrington,AU,2022-04-29 00:17:09,-38.2667,141.9667,68.4,58,91,15.26
163,Faanui,PF,2022-04-29 00:17:10,-16.4833,-151.75,82.2,70,5,22.26
164,Naze,JP,2022-04-29 00:17:10,28.3667,129.4833,76.12,88,78,19.53
165,Merauke,ID,2022-04-29 00:17:10,-8.4667,140.3333,82.18,78,100,9.73
166,Huilong,CN,2022-04-29 00:17:11,31.8111,121.655,55.92,83,100,16.82
167,Tefe,BR,2022-04-29 00:17:12,-3.3542,-64.7114,75.02,96,100,2.46
168,Gamba,GA,2022-04-29 00:17:12,-2.65,10.0,76.84,88,100,2.13
169,Ambilobe,MG,2022-04-29 00:17:13,-13.2,49.05,72.3,96,70,2.93
170,Bure,ET,2022-04-29 00:17:13,10.7,37.0667,62.26,24,32,4.0
171,Cidreira,BR,2022-04-29 00:17:14,-30.1811,-50.2056,66.13,87,99,10.42
172,Grand Baie,MU,2022-04-29 00:17:14,-20.0182,57.5802,74.44,81,3,11.14
173,Yatou,CN,2022-04-29 00:17:15,37.15,122.3833,52.07,64,46,16.53
174,Pavilosta,LV,2022-04-29 00:17:16,56.8879,21.1859,40.91,92,100,6.17
175,East London,ZA,2022-04-29 00:17:16,-33.0153,27.9116,66.54,44,4,7.9
176,Esperance,AU,2022-04-29 00:17:17,-33.8667,121.9,53.44,68,85,13.06
177,Nikolskoye,RU,2022-04-29 00:17:17,59.7035,30.7861,35.71,65,100,8.21
178,Vila Franca Do Campo,PT,2022-04-29 00:17:18,37.7167,-25.4333,64.2,96,100,24.14
179,Margate,GB,2022-04-29 00:17:18,51.3813,1.3862,48.31,79,100,7.0
180,Itarantim,BR,2022-04-29 00:17:19,-15.6597,-40.0656,68.18,93,19,3.4
181,Pitrufquen,CL,2022-04-29 00:17:24,-38.9833,-72.65,42.82,93,0,5.75
182,Soma,TR,2022-04-29 00:17:25,39.1855,27.6094,52.23,83,21,7.99
183,Elizabeth City,US,2022-04-29 00:17:25,36.2946,-76.2511,57.0,45,0,8.05
184,Bahar,IR,2022-04-29 00:17:12,34.9072,48.4414,50.16,81,0,2.3
185,Rudnogorsk,RU,2022-04-29 00:17:26,57.2639,103.7519,35.28,76,100,6.15
186,Xuddur,SO,2022-04-29 00:17:26,4.1213,43.8894,74.89,81,77,8.61
187,Saint-Doulchard,FR,2022-04-29 00:17:26,47.1037,2.352,52.18,89,87,4.54
188,Lazaro Cardenas,MX,2022-04-29 00:17:27,17.9583,-102.2,83.35,56,1,11.03
189,Beloha,MG,2022-04-29 00:17:27,-25.1667,45.05,64.45,67,37,10.27
190,Katsuura,JP,2022-04-29 00:17:28,35.1333,140.3,62.31,85,100,14.61
191,Komsomolskiy,UZ,2022-04-29 00:17:29,40.4272,71.7189,63.32,67,98,2.3
192,Bandrele,YT,2022-04-29 00:17:29,-12.9067,45.1914,82.15,74,20,18.41
193,Port Elizabeth,ZA,2022-04-29 00:17:30,-33.918,25.5701,59.31,75,0,3.44
194,Lesnoye,RU,2022-04-29 00:17:31,58.2841,35.5158,28.45,72,31,4.72
195,Itaituba,BR,2022-04-29 00:17:31,-4.2761,-55.9836,75.83,94,97,1.99
196,Bambanglipuro,ID,2022-04-29 00:17:31,-7.95,110.2833,79.14,82,80,3.38
197,Arlit,NE,2022-04-29 00:17:32,18.7369,7.3853,78.67,8,11,7.02
198,Nanortalik,GL,2022-04-29 00:17:32,60.1432,-45.2371,38.66,81,97,4.97
199,Port Blair,IN,2022-04-29 00:17:33,11.6667,92.75,80.64,94,75,1.14
200,Iqaluit,CA,2022-04-29 00:17:33,63.7506,-68.5145,10.13,67,75,12.66
201,Semenivka,UA,2022-04-29 00:17:34,52.1783,32.5818,37.72,82,35,5.08
202,Inhambane,MZ,2022-04-29 00:17:34,-23.865,35.3833,68.41,80,31,4.88
203,Hounde,BF,2022-04-29 00:17:35,11.5,-3.5167,84.96,46,85,5.32
204,Rocha,UY,2022-04-29 00:17:36,-34.4833,-54.3333,47.48,62,0,7.07
205,Moose Factory,CA,2022-04-29 00:17:36,51.2585,-80.6094,39.2,45,0,5.75
206,Plouzane,FR,2022-04-29 00:17:37,48.3833,-4.6167,50.05,97,13,6.91
207,Meulaboh,ID,2022-04-29 00:17:37,4.1363,96.1285,77.72,88,81,3.42
208,Nishihara,JP,2022-04-29 00:17:38,26.1842,127.7558,82.06,89,75,20.71
209,Hofn,IS,2022-04-29 00:17:38,64.2539,-15.2082,45.28,62,6,9.57
210,Tupiza,BO,2022-04-29 00:17:39,-21.45,-65.7167,56.34,65,17,6.6
211,Ardatov,RU,2022-04-29 00:17:39,55.2421,43.097,31.12,61,20,4.16
212,Monastyrshchina,RU,2022-04-29 00:17:40,54.3496,31.838,33.17,61,4,2.19
213,Tilichiki,RU,2022-04-29 00:17:40,60.4667,166.1,32.13,95,84,8.08
214,Lavrentiya,RU,2022-04-29 00:17:41,65.5833,-171.0,30.45,90,70,10.63
215,Qui Nhon,VN,2022-04-29 00:17:41,13.7667,109.2333,80.92,81,100,2.73
216,Todos Santos,MX,2022-04-29 00:17:41,23.45,-110.2167,69.44,76,36,9.51
217,Waverly,US,2022-04-29 00:17:42,42.7392,-84.6208,51.96,37,0,6.91
218,Aklavik,CA,2022-04-29 00:17:42,68.2191,-135.0107,23.68,80,100,10.42
219,Sarakhs,IR,2022-04-29 00:15:06,36.5449,61.1577,72.1,34,4,4.81
220,Lerwick,GB,2022-04-29 00:17:43,60.1545,-1.1494,46.4,84,90,2.24
221,Taicheng,CN,2022-04-29 00:17:43,38.731,113.228,49.3,60,97,2.55
222,Medea,DZ,2022-04-29 00:17:44,36.2642,2.7539,48.45,97,100,3.62
223,Manta,EC,2022-04-29 00:17:44,-0.95,-80.7333,78.58,83,20,5.75
224,Honavar,IN,2022-04-29 00:17:45,14.2833,74.45,81.48,89,28,1.05
225,Nome,US,2022-04-29 00:17:45,64.5011,-165.4064,39.16,87,100,17.27
226,Constitucion,CL,2022-04-29 00:17:46,-35.3333,-72.4167,51.24,66,0,7.27
227,Marfino,RU,2022-04-29 00:17:47,55.7028,37.3822,35.94,82,87,4.47
228,Samsun,TR,2022-04-29 00:17:52,41.25,36.3333,54.99,86,75,2.3
229,Kapaa,US,2022-04-29 00:17:52,22.0752,-159.319,82.38,85,40,13.8
230,Luderitz,NA,2022-04-29 00:17:53,-26.6481,15.1594,59.36,76,22,10.04
231,Ipixuna,BR,2022-04-29 00:17:53,-1.7625,-48.8043,74.48,97,100,3.29
232,Olafsvik,IS,2022-04-29 00:17:54,64.8945,-23.7142,44.8,95,62,11.45
233,Praya,CV,2022-04-29 00:17:54,14.9215,-23.5087,70.34,73,20,19.57
234,Pavlodar,KZ,2022-04-29 00:17:55,52.3,76.95,46.2,87,0,6.71
235,Zhigansk,RU,2022-04-29 00:17:55,66.7697,123.3711,21.33,94,68,10.71
236,Mar Del Plata,AR,2022-04-29 00:17:56,-38.0023,-57.5575,47.88,85,20,14.0
237,Saldanha,ZA,2022-04-29 00:17:56,-33.0117,17.9442,60.85,92,22,12.06
238,Baykit,RU,2022-04-29 00:17:57,61.67,96.37,39.51,99,100,3.33
239,San Francisco,US,2022-04-29 00:13:07,37.7749,-122.4194,67.32,67,20,27.63
240,Mount Gambier,AU,2022-04-29 00:14:51,-37.8333,140.7667,66.22,68,93,10.29
241,Landau,DE,2022-04-29 00:17:58,49.2075,8.1133,51.62,75,9,2.42
242,Saskylakh,RU,2022-04-29 00:17:58,71.9167,114.0833,21.43,85,99,11.32
243,Korla,CN,2022-04-29 00:17:58,41.7597,86.1469,51.73,52,79,3.98
244,Warrington,GB,2022-04-29 00:17:59,53.3925,-2.5802,48.45,76,100,5.75
245,Dergachi,RU,2022-04-29 00:17:59,51.2328,48.7659,44.65,79,20,9.84
246,Cedar City,US,2022-04-29 00:18:00,37.6775,-113.0619,65.39,7,0,25.32
247,Nkhotakota,MW,2022-04-29 00:18:01,-12.9274,34.2961,69.89,78,44,12.24
248,Yerbogachen,RU,2022-04-29 00:14:57,61.2767,108.0108,36.84,76,78,8.05
249,Ler,SS,2022-04-29 00:18:01,8.3018,30.1418,78.98,64,99,5.7
250,Rio Gallegos,AR,2022-04-29 00:18:02,-51.6226,-69.2181,39.25,75,0,18.41
251,Padang,ID,2022-04-29 00:18:02,-0.9492,100.3543,77.05,85,100,2.62
252,Tanda,IN,2022-04-29 00:18:03,26.55,82.65,81.82,19,0,6.24
253,Ribeira Grande,PT,2022-04-29 00:18:03,38.5167,-28.7,63.0,94,75,25.32
254,Mayor Pablo Lagerenza,PY,2022-04-29 00:18:04,-19.9309,-60.7718,72.14,77,72,8.41
255,Muros,ES,2022-04-29 00:16:26,42.7762,-9.0603,56.08,82,66,9.71
256,Amahai,ID,2022-04-29 00:18:05,-3.3333,128.9167,81.59,75,96,1.79
257,Vryburg,ZA,2022-04-29 00:18:05,-26.9566,24.7284,56.17,67,15,10.09
258,Filadelfia,US,2022-04-29 00:14:07,39.9523,-75.1638,54.36,21,0,10.36
259,Bay Roberts,CA,2022-04-29 00:18:06,47.5999,-53.2648,37.65,90,100,3.0
260,Nelson Bay,AU,2022-04-29 00:18:06,-32.7167,152.15,73.09,84,29,0.98
261,Erzin,TR,2022-04-29 00:18:07,36.9559,36.2,64.31,57,0,2.48
262,Macklin,CA,2022-04-29 00:18:07,52.3334,-109.9348,55.74,31,89,5.7
263,Hualmay,PE,2022-04-29 00:18:08,-11.0964,-77.6139,66.33,91,88,6.4
264,Burnie,AU,2022-04-29 00:18:08,-41.0667,145.9167,65.91,86,71,5.79
265,Curup,ID,2022-04-29 00:18:08,-3.4667,102.5333,69.64,93,99,1.48
266,Huarmey,PE,2022-04-29 00:18:09,-10.0681,-78.1522,67.6,87,96,6.93
267,Geraldton,AU,2022-04-29 00:18:09,-28.7667,114.6,57.61,82,0,6.91
268,Ayan,RU,2022-04-29 00:18:10,56.45,138.1667,34.63,65,100,11.36
269,Balkhash,KZ,2022-04-29 00:15:04,46.844,74.9804,53.47,48,13,12.68
270,Koltubanovskiy,RU,2022-04-29 00:18:10,52.9407,52.0269,40.48,83,29,8.75
271,Fortuna,US,2022-04-29 00:18:11,40.5982,-124.1573,59.09,65,40,13.8
272,Sola,VU,2022-04-29 00:18:11,-13.8833,167.55,84.87,84,100,0.0
273,Pacific Grove,US,2022-04-29 00:18:12,36.6177,-121.9166,65.55,69,20,16.11
274,Palu,ID,2022-04-29 00:18:12,-0.8917,119.8707,77.07,93,100,2.55
275,Sheridan,US,2022-04-29 00:18:18,44.8333,-106.9173,57.58,61,100,8.05
276,Te Anau,NZ,2022-04-29 00:18:18,-45.4167,167.7167,56.19,70,80,1.99
277,Santa Cruz Cabralia,BR,2022-04-29 00:18:19,-16.2781,-39.0247,75.43,94,20,3.44
278,Chegdomyn,RU,2022-04-29 00:18:20,51.1167,133.0167,40.87,55,80,1.92
279,Marawi,PH,2022-04-29 00:18:20,7.9986,124.2928,73.51,86,100,1.86
280,Sakakah,SA,2022-04-29 00:18:21,29.9697,40.2064,65.77,48,30,5.79
281,Winnemucca,US,2022-04-29 00:18:21,40.973,-117.7357,55.45,33,40,18.41
282,Broken Hill,AU,2022-04-29 00:14:17,-31.95,141.4333,71.91,39,98,12.59
283,Blackwater,AU,2022-04-29 00:18:22,-23.5833,148.8833,76.98,57,3,12.35
284,Kralendijk,BQ,2022-04-29 00:18:23,12.15,-68.2667,78.78,89,40,11.5
285,Swan River,CA,2022-04-29 00:18:23,52.1058,-101.2676,53.49,47,51,8.05
286,Port Hardy,CA,2022-04-29 00:18:23,50.6996,-127.4199,51.98,62,75,5.75
287,Ust-Kut,RU,2022-04-29 00:18:24,56.7938,105.7672,37.71,69,71,3.71
288,Talaya,RU,2022-04-29 00:18:24,61.3833,152.75,22.89,85,100,9.98
289,Cotonou,BJ,2022-04-29 00:15:56,6.3654,2.4183,78.78,89,20,2.3
290,Eirunepe,BR,2022-04-29 00:18:25,-6.6603,-69.8736,76.1,89,36,1.39
291,Abalak,RU,2022-04-29 00:18:25,58.1286,68.5944,51.85,87,99,9.82
292,Metro,ID,2022-04-29 00:18:26,-5.1131,105.3067,76.26,89,99,3.4
293,Qaqortoq,GL,2022-04-29 00:18:26,60.7167,-46.0333,37.15,90,100,1.52
294,Riyadh,SA,2022-04-29 00:18:23,24.6877,46.7219,71.74,66,100,13.47
295,Harper,LR,2022-04-29 00:18:27,4.375,-7.7169,79.57,81,93,0.98
296,Ileza,RU,2022-04-29 00:18:27,61.0533,43.9002,22.95,84,46,5.26
297,Torrevieja,ES,2022-04-29 00:18:28,37.9787,-0.6822,60.03,74,100,1.99
298,Srednekolymsk,RU,2022-04-29 00:18:28,67.45,153.6833,20.26,84,96,7.18
299,Shache,CN,2022-04-29 00:18:29,38.4167,77.2406,58.6,25,22,6.15
300,Yulara,AU,2022-04-29 00:18:29,-25.2406,130.9889,73.24,40,100,14.97
301,Half Moon Bay,US,2022-04-29 00:18:30,37.4636,-122.4286,63.86,64,0,27.63
302,Shirokiy,RU,2022-04-29 00:18:30,49.758,129.523,48.07,40,14,11.77
303,Chhapar,IN,2022-04-29 00:18:30,27.8167,74.4,81.77,18,17,10.38
304,Ulladulla,AU,2022-04-29 00:18:31,-35.35,150.4667,72.77,63,4,7.27
305,Castro,BR,2022-04-29 00:18:31,-24.7911,-50.0119,63.32,91,67,3.94
306,Kenai,US,2022-04-29 00:18:32,60.5544,-151.2583,49.03,62,0,13.8
307,Dukat,RU,2022-04-29 00:14:56,62.55,155.55,27.19,90,100,11.97
308,Bhatkal,IN,2022-04-29 00:18:32,13.9667,74.5667,82.15,86,32,2.48
309,Asbestovskiy,RU,2022-04-29 00:18:33,57.7557,61.3967,32.63,79,48,10.45
310,Teya,RU,2022-04-29 00:18:34,60.3778,92.6267,40.86,98,95,6.62
311,Jaggayyapeta,IN,2022-04-29 00:18:34,16.9,80.1,83.7,67,86,5.37
312,Okhotsk,RU,2022-04-29 00:18:35,59.3833,143.3,31.33,70,100,17.6
313,Asau,RO,2022-04-29 00:18:35,46.4333,26.4,48.96,100,100,5.23
314,Karratha,AU,2022-04-29 00:18:36,-20.7377,116.8463,72.93,80,100,13.69
315,Mosquera,CO,2022-04-29 00:16:23,4.7059,-74.2302,53.69,100,75,2.3
316,Lubango,AO,2022-04-29 00:18:36,-14.9172,13.4925,60.82,66,10,3.31
317,Dawlatabad,AF,2022-04-29 00:18:36,36.4141,64.9053,72.97,33,87,6.13
318,Lasa,IT,2022-04-29 00:18:37,46.6166,10.7002,49.08,68,3,2.26
319,Vao,NC,2022-04-29 00:18:38,-22.6667,167.4833,73.89,74,100,22.41
320,San Cristobal,VE,2022-04-29 00:18:38,7.7669,-72.225,73.58,91,99,0.29
321,Saint-Michel-Des-Saints,CA,2022-04-29 00:18:39,46.6834,-73.9159,35.94,62,34,12.62
322,Kalakamati,BW,2022-04-29 00:18:39,-20.5929,27.3121,55.17,69,0,6.55
323,Camocim,BR,2022-04-29 00:18:40,-2.9022,-40.8411,77.65,88,87,8.23
324,Ornskoldsvik,SE,2022-04-29 00:14:58,63.2909,18.7153,27.55,74,69,5.75
325,Xining,CN,2022-04-29 00:14:52,36.6167,101.7667,41.47,82,99,4.79
326,Cortez,US,2022-04-29 00:18:46,37.3489,-108.5859,70.56,11,0,13.8
327,Matadi,CD,2022-04-29 00:18:46,-5.8167,13.45,75.85,97,100,2.53
328,Glencoe,ZA,2022-04-29 00:18:47,-28.1783,30.147,46.33,64,0,1.77
329,Krasnokamensk,RU,2022-04-29 00:18:47,50.0979,118.0369,39.27,43,53,6.4
330,Qandala,SO,2022-04-29 00:17:27,11.472,49.8728,84.22,71,47,3.76
331,Viamao,BR,2022-04-29 00:18:48,-30.0811,-51.0233,63.41,96,75,5.75
332,Alta Floresta,BR,2022-04-29 00:18:48,-9.8756,-56.0861,75.04,76,46,3.47
333,Bilsanda,IN,2022-04-29 00:18:48,28.25,79.95,79.77,19,0,6.42
334,Lakselv,NO,2022-04-29 00:18:49,70.0513,24.9718,22.82,86,100,4.61
335,Vostok,RU,2022-04-29 00:18:49,46.4856,135.8833,42.58,32,0,7.43
336,Nichinan,JP,2022-04-29 00:18:50,31.6,131.3667,67.68,95,100,13.56
337,Ugoofaaru,MV,2022-04-29 00:18:50,5.6667,73.0,84.51,69,77,2.73
338,Carauari,BR,2022-04-29 00:18:51,-4.8828,-66.8958,75.4,94,99,2.08
339,San Jose,US,2022-04-29 00:17:47,37.3394,-121.895,65.86,49,20,18.41
340,Ust-Tsilma,RU,2022-04-29 00:18:51,65.441,52.1498,23.83,88,19,8.3
341,Upernavik,GL,2022-04-29 00:18:52,72.7868,-56.1549,14.05,90,59,4.43
342,Plettenberg Bay,ZA,2022-04-29 00:18:53,-34.0527,23.3716,61.09,66,18,6.42
343,Severo-Yeniseyskiy,RU,2022-04-29 00:18:53,60.3725,93.0408,41.31,94,100,8.05
344,Sosnovo-Ozerskoye,RU,2022-04-29 00:18:53,52.5249,111.5418,35.01,39,77,10.87
345,Hegra,NO,2022-04-29 00:18:54,63.4644,11.114,36.41,93,100,9.22
346,Tazovskiy,RU,2022-04-29 00:18:54,67.4667,78.7,17.74,90,100,7.67
347,Saint George,US,2022-04-29 00:18:55,37.1041,-113.5841,82.99,4,0,20.71
348,Nabire,ID,2022-04-29 00:18:55,-3.3667,135.4833,82.83,70,88,1.99
349,Gloversville,US,2022-04-29 00:18:34,43.0528,-74.3438,45.28,48,0,13.8
350,Brumado,BR,2022-04-29 00:18:56,-14.2036,-41.6653,78.89,50,48,9.55
351,Bathsheba,BB,2022-04-29 00:18:56,13.2167,-59.5167,81.21,83,40,14.97
352,Luanda,AO,2022-04-29 00:18:57,-8.8368,13.2343,75.92,93,100,12.17
353,Port Hedland,AU,2022-04-29 00:18:57,-20.3167,118.5667,71.65,94,75,10.36
354,Yar-Sale,RU,2022-04-29 00:18:58,66.8333,70.8333,13.44,88,100,6.26
355,Lashio,MM,2022-04-29 00:18:58,22.9333,97.75,70.48,37,2,1.5
356,Buriti Bravo,BR,2022-04-29 00:18:59,-5.8372,-43.8336,75.22,80,73,2.39
357,Mareeba,AU,2022-04-29 00:19:00,-17.0,145.4333,78.44,74,78,6.11
358,Lyubech,UA,2022-04-29 00:19:00,51.7026,30.6569,35.06,70,69,3.62
359,Madimba,TZ,2022-04-29 00:19:01,-10.4,40.3333,73.96,82,98,13.85
360,Hamilton,US,2022-04-29 00:19:01,39.1834,-84.5333,60.44,51,100,8.05
361,Goure,NE,2022-04-29 00:19:02,13.9835,10.2704,86.02,16,69,3.83
362,Krasnoselkup,RU,2022-04-29 00:19:02,65.7,82.4667,25.75,96,100,15.12
363,Dunmore East,IE,2022-04-29 00:19:03,52.1514,-6.9861,45.68,72,100,3.4
364,Ambanja,MG,2022-04-29 00:19:03,-13.6833,48.45,75.4,91,86,1.77
365,Hasaki,JP,2022-04-29 00:19:04,35.7333,140.8333,63.0,77,91,15.05
366,Port Keats,AU,2022-04-29 00:19:04,-14.25,129.55,84.25,70,65,0.51
367,Sorong,ID,2022-04-29 00:19:10,-0.8833,131.25,78.64,84,100,6.67
368,Lufilufi,WS,2022-04-29 00:19:10,-13.8745,-171.5986,91.18,80,38,21.03
369,Killybegs,IE,2022-04-29 00:19:11,54.6333,-8.45,47.16,82,69,2.82
370,Doha,QA,2022-04-29 00:19:11,25.2867,51.5333,78.78,65,53,11.5
371,Acatlan,MX,2022-04-29 00:19:12,20.15,-98.45,63.52,64,28,6.24
372,Imbituba,BR,2022-04-29 00:19:12,-28.24,-48.6703,74.86,96,84,9.19
373,Maneadero,MX,2022-04-29 00:19:13,31.7167,-116.5667,63.1,69,1,4.0
374,Kavaratti,IN,2022-04-29 00:19:13,10.5669,72.642,84.6,75,64,5.66
375,Raudeberg,NO,2022-04-29 00:19:14,61.9875,5.1352,41.67,87,99,4.03
376,Ialibu,PG,2022-04-29 00:19:14,-6.2821,143.9935,62.64,82,98,2.35
377,Anadyr,RU,2022-04-29 00:19:15,64.75,177.4833,30.7,74,0,6.71
378,Saysain,PH,2022-04-29 00:19:15,14.5611,120.3925,86.09,71,100,11.07
379,Lagoa,PT,2022-04-29 00:19:16,39.05,-27.9833,62.65,87,99,23.17
380,Chuy,UY,2022-04-29 00:19:16,-33.6971,-53.4616,52.54,63,0,11.14
381,Praia Da Vitoria,PT,2022-04-29 00:19:17,38.7333,-27.0667,61.75,100,75,25.08
382,Caravelas,BR,2022-04-29 00:19:17,-17.7125,-39.2481,75.16,86,2,4.81
383,Shemonaikha,KZ,2022-04-29 00:19:18,50.6328,81.9056,49.14,59,1,5.26
384,Palmeira Das Missoes,BR,2022-04-29 00:19:18,-27.8994,-53.3136,64.71,97,97,7.54
385,Narsaq,GL,2022-04-29 00:19:18,60.9167,-46.05,46.62,80,100,2.1
386,Damnagar,IN,2022-04-29 00:19:19,21.7,71.5167,85.19,41,0,6.89
387,Miri,MY,2022-04-29 00:19:19,4.4148,114.0089,80.74,89,20,3.44
388,Victor Harbor,AU,2022-04-29 00:19:20,-35.5667,138.6167,66.0,81,100,1.01
389,Znamenskoye,RU,2022-04-29 00:19:21,57.1281,73.8282,59.11,51,100,10.09
390,Vladimiro-Aleksandrovskoye,RU,2022-04-29 00:19:21,42.8944,133.0778,52.38,37,100,3.18
391,Gari,RU,2022-04-29 00:19:21,59.4307,62.3497,31.71,88,96,10.38
392,Tonstad,NO,2022-04-29 00:19:22,58.6626,6.7169,39.56,86,31,6.29
393,Saravan,AM,2022-04-29 00:19:22,39.7196,45.6483,49.77,71,61,4.97
394,Kurchum,KZ,2022-04-29 00:19:23,48.5722,83.6542,47.62,44,0,5.95
395,Rio Pomba,BR,2022-04-29 00:19:23,-21.2747,-43.1792,68.74,78,3,2.64
396,Khorixas,NA,2022-04-29 00:19:24,-20.3667,14.9667,73.36,37,69,4.34
397,Villazon,BO,2022-04-29 00:19:24,-22.0866,-65.5942,50.94,59,61,11.1
398,Kamenka,RU,2022-04-29 00:19:24,51.3223,42.7678,42.93,65,92,6.11
399,Aldan,RU,2022-04-29 00:19:25,58.6031,125.3894,27.41,82,100,5.77
400,Port Augusta,AU,2022-04-29 00:19:25,-32.5,137.7667,70.79,52,99,5.3
401,Ustka,PL,2022-04-29 00:19:26,54.5805,16.8619,40.42,80,44,7.09
402,Touros,BR,2022-04-29 00:19:26,-5.1989,-35.4608,77.36,89,84,10.67
403,Manadhoo,MV,2022-04-29 00:19:26,5.7667,73.3833,84.78,70,73,4.45
404,Nazarovo,RU,2022-04-29 00:19:27,56.0064,90.3914,51.1,58,100,11.32
405,Port-Gentil,GA,2022-04-29 00:19:27,-0.7193,8.7815,80.65,79,93,6.82
406,Lebork,PL,2022-04-29 00:19:28,54.5392,17.7501,39.92,67,49,4.47
407,Honningsvag,NO,2022-04-29 00:19:28,70.9821,25.9704,26.35,80,100,11.5
408,Caetite,BR,2022-04-29 00:19:29,-14.0694,-42.475,66.13,61,4,4.29
409,Puqi,CN,2022-04-29 00:19:29,29.7167,113.8833,53.06,87,100,7.74
410,Isangel,VU,2022-04-29 00:19:30,-19.55,169.2667,74.23,91,100,20.27
411,Kiruna,SE,2022-04-29 00:19:30,67.8557,20.2251,18.52,73,40,6.91
412,Ahipara,NZ,2022-04-29 00:19:36,-35.1667,173.1667,67.32,60,4,8.21
413,Montepuez,MZ,2022-04-29 00:19:36,-13.1256,38.9997,63.01,86,13,9.15
414,Maragogi,BR,2022-04-29 00:19:37,-9.0122,-35.2225,77.77,82,99,10.45
415,Loa Janan,ID,2022-04-29 00:19:37,-0.583,117.095,76.69,94,81,2.75
416,Taybad,IR,2022-04-29 00:19:38,34.74,60.7756,70.3,40,5,7.61
417,Wuwei,CN,2022-04-29 00:19:38,37.9281,102.6414,48.31,67,100,11.41
418,Saint Anthony,US,2022-04-29 00:19:39,45.0205,-93.218,51.69,62,100,16.11
419,Verkhnevilyuysk,RU,2022-04-29 00:19:39,63.4453,120.3167,33.93,82,22,3.65
420,Atar,MR,2022-04-29 00:16:29,20.5169,-13.0499,77.49,15,5,6.64
421,Hammerfest,NO,2022-04-29 00:19:40,70.6634,23.6821,27.05,80,40,9.22
422,Kinkala,CG,2022-04-29 00:19:40,-4.3614,14.7644,71.11,95,95,0.51
423,Haimen,CN,2022-04-29 00:19:40,23.1935,116.6142,80.49,77,88,3.29
424,Chandbali,IN,2022-04-29 00:19:41,20.7833,86.7667,77.95,89,50,6.6
425,Cayenne,GF,2022-04-29 00:18:45,4.9333,-52.3333,82.09,1,75,4.61
426,Nara,JP,2022-04-29 00:19:01,34.6851,135.8049,67.37,58,100,7.9
427,Nemuro,JP,2022-04-29 00:19:42,43.3236,145.575,43.3,58,100,7.27
428,Gazojak,TM,2022-04-29 00:19:42,41.1875,61.4036,69.39,47,57,7.63
429,Puerto Del Rosario,ES,2022-04-29 00:19:43,28.5004,-13.8627,64.15,68,0,13.8
430,Chingirlau,KZ,2022-04-29 00:19:43,51.095,54.0814,52.92,83,48,11.32
431,Traverse City,US,2022-04-29 00:19:44,44.7631,-85.6206,50.11,44,0,4.61
432,Nazca,PE,2022-04-29 00:19:44,-14.8333,-74.95,71.47,61,95,3.65
433,Cap-Aux-Meules,CA,2022-04-29 00:18:12,47.3821,-61.8597,35.65,100,100,16.11
434,Kununurra,AU,2022-04-29 00:19:45,-15.7667,128.7333,85.98,70,87,2.3
435,Starosubkhangulovo,RU,2022-04-29 00:19:45,53.1031,57.4423,47.62,90,81,4.43
436,San Felipe,VE,2022-04-29 00:19:45,10.3399,-68.7425,73.06,98,100,3.51
437,Kabo,CF,2022-04-29 00:19:46,7.6994,18.629,74.17,84,72,1.97
438,Beringovskiy,RU,2022-04-29 00:19:47,63.05,179.3167,24.1,89,96,14.45
439,Shellbrook,CA,2022-04-29 00:19:47,53.2168,-106.4011,52.83,63,74,6.55
440,Bengkulu,ID,2022-04-29 00:19:48,-3.8004,102.2655,77.67,83,97,3.04
441,Solnechnyy,RU,2022-04-29 00:19:48,50.7214,136.6319,38.32,68,24,2.33
442,Chiang Khong,TH,2022-04-29 00:19:48,20.2613,100.4046,79.86,54,50,0.51
443,Amapa,BR,2022-04-29 00:19:49,1.0,-52.0,72.95,99,100,2.95
444,Sao Gabriel Da Cachoeira,BR,2022-04-29 00:19:49,-0.1303,-67.0892,74.68,97,100,1.41
445,Gigmoto,PH,2022-04-29 00:19:50,13.7796,124.39,82.74,79,68,9.8
446,Donghai,CN,2022-04-29 00:19:50,22.9459,115.642,81.95,78,30,1.03
447,Dharchula,IN,2022-04-29 00:19:51,29.85,80.5333,65.37,37,3,7.94
448,Faya,SA,2022-04-29 00:19:52,18.3851,42.4509,59.11,56,0,3.71
449,Kemijarvi,FI,2022-04-29 00:19:52,66.7131,27.4306,24.4,75,90,6.98
450,Pondicherry,IN,2022-04-29 00:19:53,11.93,79.83,82.44,82,41,10.47
451,Aksum,ET,2022-04-29 00:19:53,14.1245,38.7244,64.47,16,1,1.41
452,Bangkalan,ID,2022-04-29 00:19:53,-7.0455,112.7351,78.75,84,94,4.36
453,Soyo,AO,2022-04-29 00:19:54,-6.1349,12.3689,76.57,93,100,6.64
454,Warrnambool,AU,2022-04-29 00:19:54,-38.3833,142.4833,66.81,71,85,16.89
455,Napier,NZ,2022-04-29 00:19:55,-39.4833,176.9167,56.57,67,98,2.37
456,Nalut,LY,2022-04-29 00:20:00,30.3333,10.85,65.8,32,13,16.31
457,Kieta,PG,2022-04-29 00:20:01,-6.2167,155.6333,86.34,59,90,4.43
458,Ferrol,ES,2022-04-29 00:20:01,43.4832,-8.2369,57.27,84,26,4.9
459,Komatipoort,ZA,2022-04-29 00:20:02,-25.4332,31.9548,57.06,93,0,2.64
460,Roald,NO,2022-04-29 00:20:03,62.5833,6.1333,45.75,81,100,6.91
461,Port Hawkesbury,CA,2022-04-29 00:20:04,45.6169,-61.3485,41.97,98,100,12.66
462,Cockburn Town,TC,2022-04-29 00:20:04,21.4612,-71.1419,75.45,58,35,12.55
463,Kudahuvadhoo,MV,2022-04-29 00:20:05,2.6708,72.8944,84.52,71,76,8.97
464,Ahvaz,IR,2022-04-29 00:18:25,31.3203,48.6693,80.55,41,75,6.91
465,Coquimbo,CL,2022-04-29 00:20:05,-29.9533,-71.3436,60.53,77,0,3.44
466,Katherine,AU,2022-04-29 00:20:06,-14.4667,132.2667,88.12,58,0,10.36
467,Sijunjung,ID,2022-04-29 00:20:06,-0.6876,100.9537,72.97,93,98,1.72
468,Fairbanks,US,2022-04-29 00:18:57,64.8378,-147.7164,52.83,38,75,4.61
469,Kattivakkam,IN,2022-04-29 00:20:07,13.2167,80.3167,84.29,91,14,10.58
470,Nantucket,US,2022-04-29 00:20:08,41.2835,-70.0995,50.11,47,20,14.97
471,Sao Joao Da Barra,BR,2022-04-29 00:20:08,-21.6403,-41.0511,76.48,87,15,12.41
472,Port Maria,JM,2022-04-29 00:20:08,18.3685,-76.8895,80.56,88,13,6.55
473,Kaseda,JP,2022-04-29 00:20:09,31.4167,130.3167,72.59,92,100,23.69
474,Totness,SR,2022-04-29 00:20:09,5.8833,-56.3167,78.66,87,82,12.17
475,Gorom-Gorom,BF,2022-04-29 00:20:10,14.4439,-0.2361,88.09,14,80,7.83
476,Corleone,IT,2022-04-29 00:20:10,37.8134,13.3017,56.89,68,100,1.59
477,Kyela,TZ,2022-04-29 00:20:11,-9.5833,33.85,70.09,90,87,3.87
478,Qasigiannguit,GL,2022-04-29 00:20:11,68.8193,-51.1922,26.85,95,100,4.45
479,Zhezkazgan,KZ,2022-04-29 00:20:12,47.8043,67.7144,54.28,37,92,10.22
480,Bukene,TZ,2022-04-29 00:20:12,-4.2333,32.8833,62.44,95,50,5.03
481,Meadow Lake,US,2022-04-29 00:20:13,34.8014,-106.5436,81.61,9,0,12.48
482,Waipawa,NZ,2022-04-29 00:20:13,-41.4122,175.5153,57.02,57,48,6.42
483,Kokkola,FI,2022-04-29 00:20:14,63.8385,23.1307,29.93,94,0,2.3
484,Seoul,KR,2022-04-29 00:15:41,37.5683,126.9778,53.17,82,100,6.91
485,Leningradskiy,RU,2022-04-29 00:20:14,69.3833,178.4167,23.9,89,100,2.04
486,Albury,AU,2022-04-29 00:20:15,-36.0833,146.9167,68.05,94,100,5.75
487,Nata,PA,2022-04-29 00:20:15,8.3333,-80.5167,78.04,86,100,8.3
488,Phuthaditjhaba,ZA,2022-04-29 00:20:16,-28.5242,28.8158,46.56,63,0,4.94
489,Strezhevoy,RU,2022-04-29 00:20:17,60.7333,77.5889,49.28,96,97,10.25
490,Amalapuram,IN,2022-04-29 00:20:17,16.5833,82.0167,77.81,96,18,3.49
491,Goderich,CA,2022-04-29 00:20:18,43.7501,-81.7165,37.9,64,1,10.36
492,Broome,US,2022-04-29 00:20:18,42.2506,-75.833,42.46,33,0,10.36
493,Pisco,PE,2022-04-29 00:16:16,-13.7,-76.2167,66.25,77,0,9.22
494,Cooma,AU,2022-04-29 00:20:19,-36.2333,149.1333,64.17,77,4,8.05
495,Esqueda,MX,2022-04-29 00:20:19,30.7167,-109.5833,78.01,11,0,25.75
496,Ust-Kulom,RU,2022-04-29 00:20:20,61.6864,53.6902,20.5,92,55,3.15
497,Husavik,IS,2022-04-29 00:20:20,66.0449,-17.3389,42.28,67,15,5.01
498,Gariaband,IN,2022-04-29 00:20:21,20.635,82.0614,77.14,21,3,4.59
499,Lahaina,US,2022-04-29 00:18:59,20.8783,-156.6825,87.8,78,30,8.61
500,Orlik,RU,2022-04-29 00:20:21,52.5178,99.825,31.14,73,84,2.75
501,Necochea,AR,2022-04-29 00:20:22,-38.5473,-58.7368,51.08,54,91,14.34
502,Si Sa Ket,TH,2022-04-29 00:20:22,14.8333,104.3333,86.0,77,100,4.23
503,Dunedin,NZ,2022-04-29 00:20:23,-45.8742,170.5036,57.79,65,0,1.99
504,Itarema,BR,2022-04-29 00:20:23,-2.9248,-39.9167,76.69,89,63,8.59
505,Calabozo,VE,2022-04-29 00:20:29,8.9242,-67.4293,85.93,54,81,4.23
506,Lethem,GY,2022-04-29 00:20:29,3.3803,-59.7968,80.13,75,97,7.43
507,Zlobin,HR,2022-04-29 00:20:30,45.2924,14.6541,52.9,45,0,8.05
508,Pitalito,CO,2022-04-29 00:20:24,1.8497,-76.0479,64.9,98,100,1.86
509,Dudinka,RU,2022-04-29 00:20:30,69.4058,86.1778,16.63,95,100,5.86
510,Sao Filipe,CV,2022-04-29 00:20:31,14.8961,-24.4956,71.46,73,4,7.58
511,Poya,NC,2022-04-29 00:20:31,-21.35,165.15,73.78,83,100,7.99
512,Ketchikan,US,2022-04-29 00:20:32,55.3422,-131.6461,54.07,54,40,11.5
513,Hare Bay,CA,2022-04-29 00:20:32,48.8499,-54.0148,38.55,85,100,6.69
514,Homer,US,2022-04-29 00:20:33,59.6425,-151.5483,48.79,54,0,15.99
515,Khani,GE,2022-04-29 00:20:34,41.9563,42.9566,42.37,75,100,4.74
516,Tukrah,LY,2022-04-29 00:20:34,32.5341,20.5791,68.77,41,49,15.39
517,Peruibe,BR,2022-04-29 00:20:35,-24.32,-46.9983,76.05,74,82,4.47
518,Wanning,CN,2022-04-29 00:20:35,18.8003,110.3967,81.81,86,99,3.78
519,Klaksvik,FO,2022-04-29 00:20:36,62.2266,-6.589,41.92,80,9,2.48
520,Makakilo City,US,2022-04-29 00:16:35,21.3469,-158.0858,82.72,52,75,14.97
521,Tank,PK,2022-04-29 00:20:37,32.2217,70.3793,86.7,19,89,7.47
522,San Quintin,MX,2022-04-29 00:20:37,30.4833,-115.95,60.94,64,5,22.19
523,Panaba,MX,2022-04-29 00:20:37,21.2833,-88.2667,79.14,67,69,11.95
524,Ixtapa,MX,2022-04-29 00:20:38,20.7,-105.2,78.03,78,0,12.66
525,Sabha,LY,2022-04-29 00:20:38,27.0377,14.4283,73.22,25,0,12.84
526,Axim,GH,2022-04-29 00:20:39,4.8699,-2.2405,77.54,83,100,6.06
527,Syracuse,IT,2022-04-29 00:20:39,37.0881,15.2792,58.59,71,100,8.12
528,Sakaraha,MG,2022-04-29 00:20:40,-22.9,44.5333,60.22,86,0,3.67
529,Bitung,ID,2022-04-29 00:20:40,1.4451,125.1824,85.05,82,91,0.78
530,Olinda,BR,2022-04-29 00:18:56,-8.0089,-34.8553,82.13,69,75,9.22
531,Vila Velha,BR,2022-04-29 00:16:01,-20.3297,-40.2925,76.95,92,20,2.3
532,Portland,US,2022-04-29 00:15:44,45.5234,-122.6762,55.99,78,100,4.61
533,Abu Zabad,SD,2022-04-29 00:20:41,12.35,29.25,83.32,11,55,6.11
534,Rawson,AR,2022-04-29 00:19:39,-43.3002,-65.1023,46.96,34,54,9.66
535,Brae,GB,2022-04-29 00:20:42,60.3964,-1.353,44.8,82,92,2.82
536,Kysyl-Syr,RU,2022-04-29 00:20:43,63.8986,122.7617,31.8,84,70,2.98
537,Palestine,PS,2022-04-29 00:17:09,31.9216,35.2033,60.94,49,0,1.1
538,Torbay,CA,2022-04-29 00:20:44,47.6666,-52.7314,36.88,96,100,8.05
539,Limpapa,PH,2022-04-29 00:20:44,7.1197,121.9106,83.53,81,99,5.55
540,Lata,PT,2022-04-29 00:20:45,40.1629,-8.3327,56.07,87,22,3.24
541,Daru,PG,2022-04-29 00:20:45,-9.0763,143.2092,83.7,76,95,10.96
542,Imeni Babushkina,RU,2022-04-29 00:20:46,59.7573,43.1285,21.24,82,17,4.97
543,Clyde River,CA,2022-04-29 00:20:46,70.4692,-68.5914,3.43,85,100,6.91
544,Ormara,PK,2022-04-29 00:20:46,25.2088,64.6357,83.48,77,0,15.97
545,Inirida,CO,2022-04-29 00:20:47,3.8653,-67.9239,75.74,94,84,0.63
546,Tarauaca,BR,2022-04-29 00:16:52,-8.1614,-70.7656,75.56,92,92,1.7
547,Prince Rupert,CA,2022-04-29 00:20:48,54.3161,-130.3201,50.09,71,0,16.11
548,Richards Bay,ZA,2022-04-29 00:20:48,-28.783,32.0377,62.78,88,0,9.64
549,Mokhotlong,LS,2022-04-29 00:20:49,-29.2894,29.0675,39.7,72,0,0.83
550,Muli,MV,2022-04-29 00:20:54,2.9167,73.5667,84.49,73,77,7.54
551,Chauk,MM,2022-04-29 00:20:54,20.8833,94.8167,86.49,56,33,7.23
552,Kharan,PK,2022-04-29 00:20:55,28.5833,65.4167,83.1,19,19,0.43
553,Shakawe,BW,2022-04-29 00:20:55,-18.3667,21.85,61.47,48,0,7.29
554,Vilhena,BR,2022-04-29 00:20:56,-12.7406,-60.1458,71.76,73,32,2.89
555,Turukhansk,RU,2022-04-29 00:20:56,65.8167,87.9833,33.51,98,100,7.67
556,Taoudenni,ML,2022-04-29 00:20:57,22.6783,-3.9836,84.06,11,0,7.0
557,Walvis Bay,NA,2022-04-29 00:20:57,-22.9575,14.5053,67.15,52,1,4.61
558,Uvinza,TZ,2022-04-29 00:20:58,-5.1036,30.3911,64.06,97,23,3.11
559,Kahului,US,2022-04-29 00:18:30,20.8947,-156.47,87.82,59,20,17.27
560,Raton,US,2022-04-29 00:20:58,36.9034,-104.4391,75.06,14,0,21.85
561,Brigantine,US,2022-04-29 00:20:59,39.4101,-74.3646,54.01,26,0,16.11
562,Ancud,CL,2022-04-29 00:20:59,-41.8697,-73.8203,44.71,82,54,3.36
563,Souillac,MU,2022-04-29 00:21:00,-20.5167,57.5167,71.98,94,40,3.44
564,Dzaoudzi,YT,2022-04-29 00:21:00,-12.7887,45.2699,82.29,74,20,18.41
565,Satun,TH,2022-04-29 00:21:01,6.8333,100.0,78.8,91,25,1.32
566,Sibolga,ID,2022-04-29 00:21:01,1.7427,98.7792,77.0,89,96,3.42
567,Byron Bay,AU,2022-04-29 00:19:50,-28.65,153.6167,75.09,83,81,4.07
568,Porto Belo,BR,2022-04-29 00:21:02,-27.1578,-48.5531,73.8,94,100,13.2
569,Moyale,KE,2022-04-29 00:21:02,3.5167,39.0584,64.2,91,79,2.98
570,Fare,PF,2022-04-29 00:19:45,-16.7,-151.0167,81.66,71,0,22.17
571,Balotra,IN,2022-04-29 00:21:03,25.8333,72.2333,80.33,45,0,8.57
572,Bucerias,MX,2022-04-29 00:18:04,20.75,-105.3333,78.78,78,0,12.66
573,Vestmannaeyjar,IS,2022-04-29 00:21:03,63.4427,-20.2734,46.13,83,54,4.14
574,Marihatag,PH,2022-04-29 00:21:04,8.7936,126.2969,78.13,87,100,4.38
575,Henties Bay,NA,2022-04-29 00:21:04,-22.116,14.2845,63.54,68,5,7.92
576,Paamiut,GL,2022-04-29 00:21:05,61.994,-49.6678,35.13,96,100,9.75
577,Rurrenabaque,BO,2022-04-29 00:21:06,-14.4413,-67.5278,78.15,83,100,2.13
578,Teahupoo,PF,2022-04-29 00:21:06,-17.8333,-149.2667,78.76,74,17,21.59
579,Labuhan,ID,2022-04-29 00:21:06,-6.8844,112.2051,80.35,85,70,4.38
580,High Level,CA,2022-04-29 00:21:07,58.5169,-117.136,44.71,53,75,24.16
581,Sur,OM,2022-04-29 00:16:38,22.5667,59.5289,87.26,43,80,7.63
582,Shelburne,CA,2022-04-29 00:21:08,44.0787,-80.2041,36.9,49,0,6.38
583,Hawera,NZ,2022-04-29 00:21:08,-39.5917,174.2833,60.44,60,0,4.56
584,Mtwara,TZ,2022-04-29 00:21:09,-10.2667,40.1833,72.95,86,89,13.71
585,Mocuba,MZ,2022-04-29 00:21:09,-16.8392,36.9856,63.32,99,17,4.25
586,Gat,IL,2022-04-29 00:21:10,31.61,34.7642,69.4,57,0,1.14
587,Whitehorse,CA,2022-04-29 00:21:10,60.7161,-135.0538,47.17,39,75,9.22
588,Shu,KZ,2022-04-29 00:21:11,43.5983,73.7614,52.63,39,76,1.14
589,Nena,PH,2022-04-29 00:21:11,11.7658,125.4178,82.4,79,98,8.46
590,Gazanjyk,TM,2022-04-29 00:21:12,39.2446,55.5154,71.24,48,9,6.98
591,Arkhara,RU,2022-04-29 00:21:13,49.4212,130.0842,47.5,40,14,8.21
592,Basco,PH,2022-04-29 00:21:13,20.4487,121.9702,82.69,85,4,19.19
593,Havoysund,NO,2022-04-29 00:21:13,70.9963,24.6622,26.83,63,100,26.11
